Number,FirstName,LastName,DisplayName,Alias,OU,Language,Gender,UPN
"1,Lindsey,Gates,Lindsey Gates,Lindsey.Gates,""OU=Sales,OU=AdventureWorks,DC=vlabs8,DC=com"",English (US),Female,Lindsey@vlabs8.com"
"2,Christie,Thomas,Christie Thomas,Christie.Thomas,""OU=Sales,OU=AdventureWorks,DC=vlabs8,DC=com"",English (US),Female,Christie@vlabs8.com"
"3,Amy,Santiago,Amy Santiago,Amy.Santiago,""OU=Sales,OU=AdventureWorks,DC=vlabs8,DC=com"",English (US),Female,Amy@vlabs8.com"
"4,Sallie,McIntosh,Sallie McIntosh,Sallie.McIntosh,""OU=Sales,OU=AdventureWorks,DC=vlabs8,DC=com"",English (US),Female,Sallie@vlabs8.com"
"5,Perry,Brill,Perry Brill,Perry.Brill,""OU=Sales,OU=AdventureWorks,DC=vlabs8,DC=com"",English (US),Male,Perry@vlabs8.com"
"7,Tameka,Reed,Tameka Reed,Tameka.Reed,""OU=Development,OU=AdventureWorks,DC=vlabs8,DC=com"",English (US),Female,Tameka@vlabs8.com"
"8,Nona,Snider,Nona Snider,Nona.Snider,""OU=Development,OU=AdventureWorks,DC=vlabs8,DC=com"",English (US),Female,Nona@vlabs8.com"
"9,Jessica,Jennings,Jessica Jennings,Jessica.Jennings,""OU=Development,OU=AdventureWorks,DC=vlabs8,DC=com"",English (US),Female,Jessica@vlabs8.com"
"10,Misty,Phillips,Misty Phillips,Misty.Phillips,""OU=Development,OU=AdventureWorks,DC=vlabs8,DC=com"",English (US),Female,Misty@vlabs8.com"
"11,Elvis,Cress,Elvis Cress,Elvis.Cress,""OU=IT,OU=AdventureWorks,DC=vlabs8,DC=com"",English (US),Male,Elvis@vlabs8.com"
"12,Leila,Macdonald,Leila Macdonald,Leila.Macdonald,""OU=IT,OU=AdventureWorks,DC=vlabs8,DC=com"",English (US),Female,Leila@vlabs8.com"
"13,Sherri,Harrell,Sherri Harrell,Sherri.Harrell,""OU=IT,OU=AdventureWorks,DC=vlabs8,DC=com"",English (US),Female,Sherri@vlabs8.com"
"14,Mickey,Earls,Mickey Earls,Mickey.Earls,""OU=IT,OU=AdventureWorks,DC=vlabs8,DC=com"",English (US),Male,Mickey@vlabs8.com"
"15,Leanna,Goodwin,Leanna Goodwin,Leanna.Goodwin,""OU=IT,OU=AdventureWorks,DC=vlabs8,DC=com"",English (US),Female,Leanna@vlabs8.com"
"16,Martina,Blair,Martina Blair,Martina.Blair,""OU=IT,OU=AdventureWorks,DC=vlabs8,DC=com"",English (US),Female,Martina@vlabs8.com"
"18,Olivia,Emerson,Olivia Emerson,Olivia.Emerson,""OU=Managers,OU=AdventureWorks,DC=vlabs8,DC=com"",English (US),Female,Olivia@vlabs8.com"
"19,Kendra,Sexton,Kendra Sexton,Kendra.Sexton,""OU=Managers,OU=AdventureWorks,DC=vlabs8,DC=com"",English (US),Female,Kendra@vlabs8.com"
"20,Jordan,Ballinger,Jordan Ballinger,Jordan.Ballinger,""OU=Marketing,OU=AdventureWorks,DC=vlabs8,DC=com"",English (US),Male,Jordan@vlabs8.com"
"21,Tammi,Kramer,Tammi Kramer,Tammi.Kramer,""OU=Marketing,OU=AdventureWorks,DC=vlabs8,DC=com"",English (US),Female,Tammi@vlabs8.com"
"22,Abby,Mathis,Abby Mathis,Abby.Mathis,""OU=Marketing,OU=AdventureWorks,DC=vlabs8,DC=com"",English (US),Female,Abby@vlabs8.com"
"23,Willie,Fowlkes,Willie Fowlkes,Willie.Fowlkes,""OU=Research,OU=AdventureWorks,DC=vlabs8,DC=com"",English (US),Male,Willie@vlabs8.com"
"25,Melba,McLeod,Melba McLeod,Melba.McLeod,""OU=Research,OU=AdventureWorks,DC=vlabs8,DC=com"",English (US),Female,Melba@vlabs8.com"
